{"bc_rating": "-1", "bc_content": "第五章感人"}
{"bc_rating": "4", "bc_content": "“知觉现象学”的极简形态。", "bc_sentiment": 0.9466860596697728}
{"bc_rating": "-1", "bc_content": "克洛岱尔：中国人会用石头建筑园林，其中的一切都干枯而惨淡。梅洛庞蒂：如此这般对环境的石化所透露出的是对生之茵润的否定，也就是说对死的向往。(⊙_⊙)", "bc_sentiment": 0.5368596787975827}
{"bc_rating": "5", "bc_content": "从空间到感性之物再到绘画、音乐、电影和小说等艺术作品，重返知觉世界并不意味着局限于自然世界，而是包含了对文化世界的更加原初的视看。", "bc_sentiment": 0.9284031145224387}
{"bc_rating": "-1", "bc_content": "第三章：“蜜一般的”；第四章，光奔向另一道时的光线运动的结构本身是“生命运动；第五章 整章《从外部看人》，没有理解透。人在原则上总是岌岌可危的。永远无法摆脱自身的重负，没有一个共同体能对此帮助。而人的焦虑和勇气是，勇于依赖自己，也依赖他人，在关系中我们知觉。从外部看人，卡夫卡般从下往上看人，人永远生活在威胁当中，为从心态上准备好迎接罕见而珍贵的时刻，在这一刻，人们认识了自己，认出了自己。第七章 对于未完成性和暧昧性，我们对于古典世界的描述或许只是传说。现代人或许只是更勇敢和坦白了，而非堕落。", "bc_sentiment": 0.9999999955193901}
{"bc_rating": "5", "bc_content": "算是比较明白易懂的一本书了（恨没有早看到），他的预言没错“日后电影的经验——就像今天的电影经验那样——会是一种知觉”，电影留给观众的更多的是一种图像性的事实，甚至是调动各种感官的知觉的世界，一种知觉此物之“律动”，其他艺术如绘画、音乐、诗等等，运用知觉的方式去看待他们不是缩小了视野，而是找到了与时代契合的合适的方式去凝视它们。", "bc_sentiment": 1.0}
{"bc_rating": "3", "bc_content": "虽然译本、原文都清晰准确。但也确实非常无聊（因此倒也轻松）。", "bc_sentiment": 0.9999999999999363}
{"bc_rating": "5", "bc_content": "好的有点不真实…很短，翻译流畅，几乎没有长句和晦涩的概念，从头到尾的例证，把“知觉”具体化了。恐怕这之后并没有什么“敞开的知觉大门”引向的乌托邦，而是无处不在的，缝合一切“间隙”的暴力。所以这本就是纯艺术认识论教材，“知觉”做不到的留给未来的艺术去做。", "bc_sentiment": 0.9918464812102766}
{"bc_rating": "5", "bc_content": "120来页，简直太精彩了，实在是佩服其清醒、透彻和聪明。相比较胡塞尔的《欧洲科学的危机》，梅洛-庞蒂果然是后现代的，其思想的开放性和预见性可以说超越了同时代的其他知识分子。可惜53岁就过失了，要是他能活到伽达默尔那个岁数(也就是活到2010年)，西方思想还指不定什么样呢。", "bc_sentiment": 0.9999999917250374}
{"bc_rating": "5", "bc_content": "很有启发，明天再看一下。", "bc_sentiment": 0.9999999968479594}
{"bc_rating": "4", "bc_content": "和《云的理论》补充着读，艺术作为自为的世界，在达米施那里科雷乔的云抵抗着阿尔贝蒂提出的轮廓—构图—色彩和光线的秩序，进入古典式到现代空间建构的转化期，在这里拒斥笛卡尔的二元论以及理性主义“完成了的”人，引导进入知觉的自足世界，与日常的，我们的生活世界相联，回到一种进退拉锯，一种未完成之中。", "bc_sentiment": 0.7029633806397226}
{"bc_rating": "4", "bc_content": "以前理解的原来没错，放心啦。", "bc_sentiment": 0.9999999999999991}
{"bc_rating": "-1", "bc_content": "算是第一次接触现象学吧，篇幅小也很好读，对我来说类似精分引论的功能，但有些意犹未尽。。。", "bc_sentiment": 0.7353483129461045}
{"bc_rating": "4", "bc_content": "可以作为梅洛庞蒂的入门书，因为是面向大众的广播讲稿，所以例子和语言都十分亲切，但他哲学系统里的基本概念也都点到了。我首先认同的是MP的姿态，哲学不应该是自我封闭与自赏的回路，不妨向大众普及与推广，至少让大家知道我的主张及其带来的可期的认知转变。MP之所以能达成这一点，正是因为他批判以往的科学与形而上学命名是“如此有价值”，以至于关于我们世界的生活经验只是另一个无关的空间，可以消失或者失效。形而上学与科学相信可以从宇宙永恒的面孔里抽绎出某些绝对规律，澄清其晦暗，却在MP这里失效了，因为只要是概念、规律、定理，某种程度上表达的都是“近似值”而已，真正的探索必然以知觉与理性的结合为途径，所以，起点终将回到我们的“知觉场的本性上”。谈动物性的章节，很有点福柯的意思，为“不正常的人”辩护。", "bc_sentiment": 0.9995482238434559}
{"bc_rating": "5", "bc_content": "哲学家给自己写的思想导论。译文流畅，但文学理论和哲学译文一到绘画部分，“视角主义”“几何视角”几乎成了绕不去的陷阱。", "bc_sentiment": 1.0}
{"bc_rating": "4", "bc_content": "简明流畅。核心问题:科学之外就再无真正的问题可问?胖迪说科学是近似值，但没详细论述科学和哲学，艺术在不同层面上的各自近似值。", "bc_sentiment": 0.9999989114728643}
{"bc_rating": "4", "bc_content": "一口气看完，梳理了原有的几点迷思😁", "bc_sentiment": 0.9999909276332324}
{"bc_rating": "4", "bc_content": "MP足够稳重和亲切，结论也足够真诚，但因为是广播的缘故，巧妙地避过了他思想的核心地带（不过也看到第五讲论动物的时候终于明白刘国英老师为啥总讲MP和福柯了…", "bc_sentiment": 0.9072109529906673}
{"bc_rating": "5", "bc_content": "简明易懂，半天时间可以读完。未展开MP真正思考张力，仅作思考消闲。", "bc_sentiment": 0.9999999688458868}
{"bc_rating": "5", "bc_content": "原来包含着2016年法国的高考材料。暧昧、未完成的知觉的恢复，在凝视，感知和重估世界的过程中聚拢弥漫的混沌，找寻纠缠的光。", "bc_sentiment": 0.9999706648822283}
{"bc_rating": "4", "bc_content": "一本小书，与伯格的电台体类似的讲稿，现象学一瞥。"}
{"bc_rating": "5", "bc_content": "非常流畅，（个人觉得）简单易读。对梅洛庞蒂的工作也有一个大致的了解。对梅洛庞蒂感兴趣的大家都可以开心地看看。感觉是造福大家。", "bc_sentiment": 0.6868464036393103}
{"bc_rating": "5", "bc_content": "正是现代主义艺术把色彩从素描（形体）中解放出来了呀～梅洛庞蒂深得我心～", "bc_sentiment": 0.9963437984331476}
{"bc_rating": "5", "bc_content": "非常棒", "bc_sentiment": 0.9986080325202625}
{"bc_rating": "5", "bc_content": "简梅洛庞蒂非常可爱，讲给大众的哲学非常通俗易懂，哲学运思之外流露的人文关怀和开放的心态可能会把感性的人读出几滴眼泪。", "bc_sentiment": 0.9504950495049506}
{"bc_rating": "4", "bc_content": "清晰明了的讲稿集，处处流露出现象学的观点—以事物如其所是的样子观察ta，科学不过是暂时的近似的抽象，而知觉越是现代越是不应该把物的内容与形式相分离（浓浓的作品本体论）。模糊性，多义性更像是一种接近于事物如是的特征。但梅洛-庞蒂对古典作品的解读无疑是会激起大量争议的。", "bc_sentiment": 0.999999921126838}
{"bc_rating": "5", "bc_content": "清晰", "bc_sentiment": 0.9999999999985847}
{"bc_rating": "5", "bc_content": "需要读许多遍，对于这么简短的书来说我是不是理解力不够", "bc_sentiment": 0.8034682080924856}
{"bc_rating": "4", "bc_content": "梅洛庞蒂1948年的广播稿，特点是非常清晰易懂，明白晓畅，从点染科学危机出发，分析了在古典与现代之间，在笛卡尔式的理性/纯粹精神世界和知觉的世界之间发生的转变，论及空间、物、动物、人、艺术作品等多方面，最后归结古典思想与现代思想的差异，可以说是理解梅洛庞蒂思想的一个入门文本。但缺点也在这里，因为它实在太简单了，所以非初学者可能觉得意犹未尽。但即便如此此书也反映了知觉现象学的内在龃龉，一方面质疑笛卡尔的纯粹精神断绝了身体、历史与世界生活，另一方面却肯定马拉美切断诗的语言的现实指向而将其彻底展现为非社会化的语词本身。在知觉的具身经验与社会化的历史经验之间似乎存在一个鸿沟，知觉现象学拯救了感知，却遗忘了（被视之为理性的）历史。", "bc_sentiment": 0.998035888344206}
{"bc_rating": "5", "bc_content": "行文甚至觉得优雅，一气呵成而不强硬，“彬彬有礼”又具身。他该是多温柔的人呀。翻译十颗星，可以求求知觉现象学新译本嘛TT", "bc_sentiment": 1.0}
{"bc_rating": "5", "bc_content": "完美吧大概", "bc_sentiment": 0.9999429410497112}
{"bc_rating": "4", "bc_content": "如果不是稍微仔细的研究过梅，没有读过著作导读，很难体会这本广播演讲稿里所要表达的现象世界。", "bc_sentiment": 0.8399246805375932}
{"bc_rating": "4", "bc_content": "适合当入门书读一遍就行，后悔买了。仅仅描绘了知觉的世界一个简略的框架，与科学或理性反思的世界作对比，对动物性、人的复杂性以及周围世界、艺术（电影文学绘画音乐）等问题作出初步探讨。“不确定性不能说是我们的文化的堕落，而恰恰是一直以来就存在的一个真实状况的最激烈最坦白的表达，也就是说不仅不是衰落，而恰恰是成就。”梅洛庞蒂好乐观。", "bc_sentiment": 0.9999925340645456}
{"bc_rating": "5", "bc_content": "太喜欢这本书了，拿掉外封后忍不住地想拿在手里", "bc_sentiment": 0.9999999999999987}
{"bc_rating": "5", "bc_content": "初次窥探梅洛庞蒂的思想。这本小册子讲的是如何用知觉去感受哲学 艺术 文学。这本书可以说涵盖涉及作者的所有思想主题：知觉为先（用我们感官和日常生活经验去感受我们的世界）；知觉的世界中主体性的消失 根本不能把物和它的显现方式区分开 物我两忘 （和笛卡尔的身心二元论相反）；现象学和存在主义中的人的存在是建立在他人的经验里而不是自己的意识中 ”我们都是从与别人接触之后才感受到自己的存在“（和海德格尔关于存在是孤独的存在 抛入世界的存在相反）人不是大写（独一）的存在而是需要其他人；作为文化核心的”语言“， 能指和意指 ；现代思想的未完成性和暧昧性。这本小册子的的确确的让我再一次开了眼界", "bc_sentiment": 0.2693513522741593}
{"bc_rating": "4", "bc_content": "果然是广播稿，没什么长篇大论，逻辑缜密且行文轻快。喜欢最后一讲，「现代世界」的暧昧和未完成，对照「古典世界」的理性至上和绝对权威，是「感性」和「知觉」的发育，和「理性」的地位螺旋下降。说明白点就是人类不再单纯地依赖归纳、概念和造词，而重新强调主观感受的复杂和不可描述，对内心世界的兴趣慢慢超过了我们的前辈对归纳所谓客观规律的热情，试图重新理解人类自己。", "bc_sentiment": 1.0}
{"bc_rating": "5", "bc_content": "“人并不是一个精神和一个身体，而是一个合同于身体的精神，并且，此精神之所以能够通达诸物之真理，只因这身体就好像是黏附于诸物之中的。”人和人的区别就在于精神。“现代人的心是断断续续的，它甚至都做不到了解它自己。”非常友好的广播稿集，译本明白晓畅，知觉世界与科学世界之对比很清楚地解释了何为现象学，空间部分的论述也很有意思。从外部看人的部分感受是人无法以自己指涉自身，“我不能作为我的符号，因为我是我的存在”。#45", "bc_sentiment": 0.9999999999999978}
{"bc_rating": "5", "bc_content": "哈哈哈，“艺术和知觉的世界”竟然成为了一道法国高考考题，有趣", "bc_sentiment": 0.9999999999999973}
{"bc_rating": "3", "bc_content": "谈艺术的部分非常一般...反倒是最后谈政治的回顾假象有点意思。想靠这本书入门我觉得不大可能，老实讲没有翻译的必要，尤其是在导读如此丰沛的情况下。", "bc_sentiment": 0.9999831720388803}
{"bc_rating": "5", "bc_content": "卧槽太好看了", "bc_sentiment": 0.9977632139091372}
{"bc_rating": "-1", "bc_content": "1. 虽然对知觉/cognition的科学和理性探讨不多，但是一些观点作为对艺术的理解，还是不错的。2. 个人更喜欢后面两章。前面为了强调知觉，而过分否定理性，甚至援引物理中的不确定性来佐证，有些搞笑了。这样的语言是浪漫的，但是不符合逻辑的。我认为两者并不是对立的，感觉perception-知觉cognition-逻辑logic-事实fact，是大脑功能的大致划分，其间无疑存在着关联。"}
{"bc_rating": "-1", "bc_content": "70多年后的听众", "bc_sentiment": 0.9999850748256448}
{"bc_rating": "-1", "bc_content": "20190930看过了。很好，一本小册子，讲了很多东西。有些内容看的不是很懂，需要慢慢领会。感触有不少，但回家了，先记下。庞蒂，多找几本书来看看。", "bc_sentiment": 0.3987284275643159}
{"bc_rating": "5", "bc_content": "梅氏的小书第一次在国内出版，必须支持", "bc_sentiment": 0.9999800804833259}
{"bc_rating": "4", "bc_content": "一个关于庞蒂哲学的普及性读本，但并不意味着它的浅显，相反，庞蒂把最精粹的、最直接的观念拿了出来。会有那种确信但不知如何下手的感觉，对于理论的深究，或许还是要拿庞蒂的专著再啃啃。总之，这本书打开了从现象学驶入文学艺术的道路，在初秋的下午，或许可以比普鲁斯特回忆的更多。", "bc_sentiment": 0.9151377947166465}
{"bc_rating": "-1", "bc_content": "痴想 要是哲学家们写的书都这样好读就好啦…", "bc_sentiment": 0.9999999929900463}
{"bc_rating": "4", "bc_content": "“人并不是一个精神和一个身体，而是一个合同于身体的精神，并且，此精神之所以能够通达诸物之真理，只因这身体就好像是黏附于诸物之中的。也就是说只能通过我们的身体才能为我们所通达的，也就是说都是带着人的各种属性的，故此也都是精神和身体的混合。”", "bc_sentiment": 0.9898880057075777}
{"bc_rating": "5", "bc_content": "发觉冲突的根源在于自己是个潜在而顽固的浪漫主义者：试图寻找唯一正确的答案，又明明知道那是不可能的。在世界的未完成性和暧昧性之间，勾勒出一条不违背良心的路径。", "bc_sentiment": 0.9999531623579755}
{"bc_rating": "4", "bc_content": "广播稿所以总感觉讲了但是没有挖掘更深？", "bc_sentiment": 0.9999978819733043}
{"bc_rating": "4", "bc_content": "地面上的人总归可以在生活世界的未完成和暧昧性之间勾画出一条不违背良心和真理的路径。 平易好读，增长见识了。", "bc_sentiment": 0.9834413820480872}
{"bc_rating": "5", "bc_content": "难得读到如此薄却如此振聋发聩的书，致密的论述中预留了道道罅隙——诗在其中穿行。现象学领域对下定义的行为总是格外审慎，梅洛庞蒂的论述却仍明确有力。的确是最棒的导论，一扇知觉世界的大门虚掩着，让人欣喜", "bc_sentiment": 0.9999305658448144}
{"bc_rating": "-1", "bc_content": "梅洛庞蒂的一组电视讲稿，因其公众性质而非常平易近人，适合我这样的文盲阅读(推荐)。在这七讲讲稿中，确实对他的观点有了一些感性的认识（比如寻常的理性世界如何错失了对物的知觉，世界的模糊暧昧如何成为古典思想与现象学的冲突之处，现代文学艺术对于暧昧性如何回应...），但对于现象学的方法论，还是没有一个具体的认识。", "bc_sentiment": 0.9999998931338766}
{"bc_rating": "5", "bc_content": "所谓知觉，大概是一种介于无意识与科学分析的生理学与心理学中间之物。拔完智齿不疼就看起来了", "bc_sentiment": 0.9999999999770406}
{"bc_rating": "4", "bc_content": "没懂好的", "bc_sentiment": 0.9960274839277712}
{"bc_rating": "2", "bc_content": "“...自己身上重新发现所有的幻想、所有的梦、所有巫魅性的行为，所有晦暗的现象...所有这些，甚至都在他对自然的认识中留下了种种罅隙——诗正是穿行于罅隙中。” ", "bc_sentiment": 0.481265993902231}
{"bc_rating": "5", "bc_content": "完全可以当做梅洛庞蒂思想导读", "bc_sentiment": 0.9999993062651321}
{"bc_rating": "5", "bc_content": "很精致，很流畅", "bc_sentiment": 0.9889518727362389}
{"bc_rating": "4", "bc_content": "一个早上读完了！", "bc_sentiment": 0.9961477168504859}
{"bc_rating": "5", "bc_content": "梅洛庞蒂对“变化”的捕捉真得太细腻了，阐述得格外清晰。现代思想的未完成性与暧昧性究竟是古典思想的激进还是延续呢？第四讲关于动物性的分析，“动物”是在人的观视下，因而这种动物性实际上是人的行为的一种变体，或者是镜像。虽然书的容量小，但是涵盖面真的丰富呀！", "bc_sentiment": 0.7604544655412394}
{"bc_rating": "4", "bc_content": "【2019182】一本七讲广播稿的小册子，易读。梅洛-庞蒂提到的人生中罕见而珍贵的时刻——“认识自己”又回到了神殿门口的文字前。知觉部分关于细节与整体的探讨非常有格式塔的味道；知觉艺术就是找到合适的方式去凝视作品；现代生活具有暧昧性，一切作品带有未完成性。", "bc_sentiment": 0.9999999999878686}
{"bc_rating": "5", "bc_content": "这关联是一个令人目眩的接近"}
{"bc_rating": "4", "bc_content": "古典思想拒不承认的未完成性和暧昧性在现代世界得到了最激烈的表达。", "bc_sentiment": 0.6534363987117594}
{"bc_rating": "5", "bc_content": "在地铁上四十多分钟看完的。认同对科学将世界分析得过于支离破碎而无法从整体去感知的观点，由此，理性或者科学便不能成为感知这个世界唯一正确的方式，知觉能够帮我们看到世界各部分作为整体的联系，能看到我们和自然的联系，能感知到艺术作品本身最直白的表达，能更好理解现代的未完成性。然而知觉难以做到的，这本书里没多说的，应该是在知觉之前，我们所知觉的对象是如何产生的，是同样以整体的方式从无到有，还是从部分到整体慢慢合体，还是两者兼而有之?", "bc_sentiment": 0.9495895837101801}
{"bc_rating": "5", "bc_content": "“需要像知觉那般不带自身之想象地直视事情本身”", "bc_sentiment": 0.9999999999999967}
{"bc_rating": "4", "bc_content": "在艺术中寻找人的欲望于其中显现自身的结晶，只是评判艺术价值的标准之一，因为普遍叙事业已失效。但是这种对话仍然有意义，并可能创造新的叙事。问题不在于规则的正当性，梅洛的论述使其具备合法性（说服力），问题在于评判本世纪的当代艺术时，这种诊断方式与对象现实是否有较大的错位？", "bc_sentiment": 0.9617794356933185}
{"bc_rating": "5", "bc_content": "入门又精致，生活和感性是富有意义的。", "bc_sentiment": 0.9999999999998721}
{"bc_rating": "4", "bc_content": "四舍五入算是梅总自己整的导读（人又温和事情又拎得清，入股不亏）。每次读梅总都有种治愈的感觉😂在这个未完成的被暧昧包裹这的世界中，知觉，人借以此尽力抵达一个理性的彼岸，即便这是一个永远的未完成状态，依然没有任何一种分析和论断可以代替（每个人的）直接感知经验，也无法成为那个彼岸自身。💙💛", "bc_sentiment": 0.9990351504761765}
{"bc_rating": "5", "bc_content": "一本只需要闭着眼睛去感受，而几乎不需要思辨的哲学类书籍，也不算晦涩，非常好看！", "bc_sentiment": 0.9999999940222735}
{"bc_rating": "3", "bc_content": "梅洛庞蒂很辛苦地在和吃瓜群众解释这个世界不是像他们看到的那样。", "bc_sentiment": 0.9976657900921058}
{"bc_rating": "-1", "bc_content": "待重读", "bc_sentiment": 0.8672839435018561}
{"bc_rating": "3", "bc_content": "面向大众的身体现象学读本，在这里梅洛庞蒂想要调和的是科学，艺术，与现象学之间的关系 ：异质的空间与反笛卡尔的avec身体的精神，反蒂迈欧的物的统一性，反理性赋予动物性形式化，他者与情绪与主体间性，以及艺术的肉身性(意义束缚于符号与细节之中)。值得一提的是梅洛庞蒂口中的古典世界其实是启蒙对古典批评继承之后的现代性世界，他口中的现代世界反而后现代色彩更浓厚一些。", "bc_sentiment": 0.6210546137749305}
{"bc_rating": "3", "bc_content": "就是几篇短文吧，谈论艺术远不及《眼与心》精彩，有现象学基础的高阶读者可不必看。", "bc_sentiment": 0.9999999999999905}
{"bc_rating": "5", "bc_content": "为科学以外的种种经验正名。任何一种言说都创造出一个自足的世界。艺术组织人最素朴的知觉。除去那些分析、碎片式的标定，或许任何言说都能创造一种整体性的感受，这种感受里没有世俗的真理和观念。希望人能从当下暧昧、含混、未完成的状态走出来。", "bc_sentiment": 0.9999884875665416}
{"bc_rating": "5", "bc_content": "我们与世界的关联是“一个令人目眩的接近”", "bc_sentiment": 0.9999999999970883}
{"bc_rating": "4", "bc_content": "通俗易懂，不追究，毕竟是录音稿。1943年，是那个时代最前卫的真知灼见了。对今天的美学、认知学依然有影响。", "bc_sentiment": 0.6292851405406468}
{"bc_rating": "5", "bc_content": "庞蒂的在此演讲中的语言平实，逻辑极为清晰。译文满分。", "bc_sentiment": 0.9999760524364963}
{"bc_rating": "4", "bc_content": "广播演说，很通俗的小册子。", "bc_sentiment": 0.9997080570798631}
{"bc_rating": "-1", "bc_content": "美好的睡前读物 梅洛庞蒂的广播稿，想必是考虑到了听众而写得通俗易懂", "bc_sentiment": 0.990558674728138}
{"bc_rating": "3", "bc_content": "没有多大感触，感触颇深的是译后记，法国高考哲学题真难。", "bc_sentiment": 0.9949034556850692}
{"bc_rating": "5", "bc_content": "挺好的文本，语言流畅译文易读。（可能为了顾及广播这种大众媒介，没有太多术语）喜：第五讲与最后讲。一个不太恰当的引用，“当局者迷旁观者清”。理性（古典）主义，为了获得那“清楚”的认知，放弃了太多复杂而又模糊的东西。甚至直接抽离了“当局者”。让理性高高在上地去审视和反思一切。而“知觉”或说现象学则重新把“当局者”放回到世界之中。不是去为了某一规则而规避些什么，也不为了一条定义的清楚明了而去舍弃什么。不分“形式与内容”的统合地体验着，知觉着一切。“我们所需做的就是像知觉那般不带自身想象地直视事情本身。”", "bc_sentiment": 0.9999061786648605}
{"bc_rating": "4", "bc_content": "对鉴赏文艺十分有帮助，有种豁然开朗的感觉。"}
{"bc_rating": "5", "bc_content": "很好读的梅洛-庞蒂著作，他在《知觉现象学》和《行为的结构》中提出的一些观点，在这本广播稿集中又进行了通俗易懂的阐释。“他人于我们而言是纠缠于一个身体的精神，而且，此身体的外表之整体中，在我们看来，就好像包含着一系列的可能性，此身体就是这些可能性的在场本身。”", "bc_sentiment": 0.9932401090216145}
{"bc_rating": "4", "bc_content": "知觉的思维和禅宗的理念感觉很相似？", "bc_sentiment": 0.9999999960325545}
{"bc_rating": "4", "bc_content": "【从外部看人】【知觉世界的复苏】【具身而有限的存在】【由自上而下，转入自下而上】在这一刻，人们认识了自己，并且认出了自己。", "bc_sentiment": 0.9851456032004593}
{"bc_rating": "5", "bc_content": "书传达的思想很深刻，翻译得也很流畅。梅洛庞蒂是身体现象学的代表人物，本书从身体、感官的角度出发去解读哲学、文学与艺术。也颇具后现代风格，诚然，我们身处的世界和所认知的一切都是不确定的、未完成的、暧昧的，而这种不确定、未完成与暧昧的因素恰恰又是我们这代人认识理解世界的观点，阐释是需要视角和立场的，客观性的建立又是一个漫长的过程，甚至是只能存在于概念中的空中楼阁。但这一切并不意味着我们会走向虚无，相反，我们正是在这种不断的理解、阐释和建构中确立了我们自身不可磨灭的价值。", "bc_sentiment": 0.997607297301796}
{"bc_rating": "4", "bc_content": "意外地好读！你可以通过描述想象一个具体工具的形象，但是你无法想象一幅画。打开知觉的大门，拥抱模糊性和未完成性。", "bc_sentiment": 1.0}
{"bc_rating": "4", "bc_content": "表述清晰而简单，暧昧一词浮出。", "bc_sentiment": 0.9999783604218943}
{"bc_rating": "4", "bc_content": "太简单了……科普著作", "bc_sentiment": 0.9894159538165589}
{"bc_rating": "5", "bc_content": "译者水平可以，会说中国话。最后一篇《古典世界与现代世界》说服了我，这确实是一种全新的思想，不是对古典的单纯反叛", "bc_sentiment": 0.998406737226969}
{"bc_rating": "5", "bc_content": "是真的入门，哎，还是去啃知觉现象学吧，哭嘻嘻。", "bc_sentiment": 0.999999945722356}
{"bc_rating": "5", "bc_content": "非常性感，打开新世界。想到这是广播稿，觉得更性感了，羡慕当时听众的“知觉”体验。", "bc_sentiment": 0.991898908154582}
{"bc_rating": "5", "bc_content": "新书有这么多人看过，梅大师还挺受欢迎的。", "bc_sentiment": 0.999922963919095}
{"bc_rating": "4", "bc_content": "“虽然能更好地发现时代之现实的明明总是认识、却想要永恒，虽然事情本身是模糊的、却想要最清晰的概念——这其实是浪漫主义最顽固的隐蔽形式”", "bc_sentiment": 0.996085062609557}
{"bc_rating": "4", "bc_content": "祛魅的重要性。", "bc_sentiment": 0.999976845048048}
{"bc_rating": "5", "bc_content": "唉，最近看的书都很好看，好看又明白自己不懂，难过起来", "bc_sentiment": 0.50327205831765}
{"bc_rating": "-1", "bc_content": "mp入门书 “所以说，现代人的心是断断续续的，他们的作品以及这些作品所表现出来的世界都是未完结的。…如此被困在这一循环中的人自身永远都不会有能力抵达一个赤裸裸的真理，它只能一步一步往前挨”  💔", "bc_sentiment": 0.9733947678520727}
{"bc_rating": "5", "bc_content": "第一部完整仔细写完读书笔记的阿梅作品，广播形式的内容还是更简单些。其中有关无法接近真相，只能近似的科学，有关电影的艺术在于对电影元素的择定、时长和当下经验，有关艺术品无法转达的特质，深得我心，感觉没有选错人，一本一篇的继续读下去。", "bc_sentiment": 0.9999893859653023}
{"bc_rating": "4", "bc_content": "“他从心态上准备着，好迎接那些罕见而珍贵的时刻：在这一刻，人们认识了自己，并且认出了自己。”找到了之前的想法，还是要在社会里活着，但目前很难，过于沉迷自我知觉了...", "bc_sentiment": 0.9999999999852529}
{"bc_rating": "5", "bc_content": "早课：《知觉的世界》，梅洛-庞蒂论哲学、文学与艺术，1948年作者受邀法国国家广播电台做了关于知觉主题的七次演讲，作为一个整体的现象学，可以当《知觉现象学》的入门小书。梅洛-庞蒂否定知觉是不可靠的，扭曲我们周围的世界，反而主张知觉与我们的感觉是不可分离的，我们正是依赖于此来弄懂这个世界。", "bc_sentiment": 0.999995567843615}
{"bc_rating": "5", "bc_content": "2019A001", "bc_sentiment": 0.9999999984573726}
{"bc_rating": "5", "bc_content": "认识这个世界的最佳方式就是去体验、去感知。理性留下的空隙由诗意填充。"}
{"bc_rating": "5", "bc_content": "御风而行的阅读体验，飘窗两个黄昏看完/想完。观点、演绎、说理、演绎、历史框架。“未完成态的现代人”精辟，解释了太多。", "bc_sentiment": 0.9988479882918356}
{"bc_rating": "4", "bc_content": "读起来有意思。最后讨论政治的部分是我最感兴趣的，可惜说的太少了。", "bc_sentiment": 0.9999672840346613}
{"bc_rating": "4", "bc_content": "我们的任务就是在我们自己的时代，通过我们自己的经验，去做古典时代的人在他们的时代所做的那种事情。复辟从来都不是重建，而是掩饰。", "bc_sentiment": 0.9943786527555885}
{"bc_rating": "4", "bc_content": "梅洛庞蒂在电台的七篇演讲合集。读起来就像是他出现在了我的脑中，以一种简单平和却极其精炼的语言，对我日常的疑问进行解答，对我产生的思想进行概括，对我平时的对话进行总结。", "bc_sentiment": 0.9991059194666441}
{"bc_rating": "5", "bc_content": "入门好书", "bc_sentiment": 0.9999248303011545}
{"bc_rating": "5", "bc_content": "不知道为啥，读的时候会想到王阳明", "bc_sentiment": 0.8192002004856609}
{"bc_rating": "5", "bc_content": "知觉现象学的提出并不是为了质疑、攻击科学的存在之合法性，而是通过阐释空间的构成、人与物的关系、动物性现象、艺术中的知觉现象，从而对科学发出这样的疑问：科学是否封闭、自足？科学是否存在天然的权力去否认虚妄？梅洛庞蒂告诉我们，科学/理性并非我们认识这个世界的强大后盾，而是有待我们去抵达的远方——这正是现代思想的未完成性和暧昧性的体现。", "bc_sentiment": 0.14377942008604838}
{"bc_rating": "4", "bc_content": "薄薄的小册子，很好读。", "bc_sentiment": 0.9999999994068256}
{"bc_rating": "4", "bc_content": "翻译的很好啊！打开知觉的世界影响的不仅是我们如何去看待问题，更重要的是提出什么样的问题，至此我们只需要打开身体的每个毛孔去关照万物", "bc_sentiment": 0.9984183840969378}
{"bc_rating": "5", "bc_content": "梅洛-庞蒂的几个重要范畴都有解释。知觉世界的回归，引发对绝对理智的质疑。我们接触、认识他人限于视角、身体的限制，因此抵达真理只能是无尽的追求过程。空间不再被理智掌控，意味着空间主体的更替，无身体的观察者让位于具身性的个体、空间的实际居住者，意味着身体与空间的联系增强，空间趋于异质，世界朝向朴素的经验展开。ps:感知之物；物的统一性与性质的情感意谓；人与物互驻；身体与精神；暧昧性与未完成性；从外部看:看他者、批判；一切外部存在靠身体通达真理……", "bc_sentiment": 0.9957350900244645}
{"bc_rating": "5", "bc_content": "2020/001 论文参考书1", "bc_sentiment": 1.0}
{"bc_rating": "5", "bc_content": "知觉世界的回归", "bc_sentiment": 0.6287511629471831}
{"bc_rating": "5", "bc_content": "读完充满希望哦 ", "bc_sentiment": 0.9929486304178305}
{"bc_rating": "5", "bc_content": "很薄的一本书三个词需要体会题名中的词：知觉书中出现的词：时间书中没有出现的词：（人的或自己的）主权", "bc_sentiment": 0.9548556123812009}
{"bc_rating": "4", "bc_content": "未完成性和暧昧性", "bc_sentiment": 0.9975516269285893}
{"bc_rating": "5", "bc_content": "王府井书店一下午读完，很薄的一本，内容却让人忍不住一直读下去", "bc_sentiment": 0.9527330308498259}
{"bc_rating": "4", "bc_content": "提纲挈领，娓娓道来。", "bc_sentiment": 0.964159664138871}
{"bc_rating": "5", "bc_content": "明线从知觉现象学和生活世界出发，第一讲把科学世界观相对化，二三四讲塑造知觉世界，给第六讲论艺术提供跳板。暗线从人的理性有限性出发，从第四讲过渡到第五讲，最后开启第七讲的现代精神。除了第六讲的论述稍微模糊以外，其他部分都非常流畅、清晰，问题域也非常宽广，可是暗线如何基于知觉世界，这一点庞蒂似未讲明，虽然这是他的计划之一（p42）。如果这两条线打不通，那么从知觉现象学推出意义和价值问题就会比较困难，而后面长篇累牍的承认、共识和共同生活问题也就要从别处（福柯、黑格尔）借用更多思想资源了。", "bc_sentiment": 0.973132660747063}
{"bc_rating": "4", "bc_content": "通俗而浅易的广播稿…梅洛庞蒂肯定知觉世界的回归 在现代与古典之间的倾向很鲜明 在我与物与空间都否定了笛卡尔式的割裂 对象化与纯粹理性下完满客观性的可能…末尾 梅洛庞蒂甚至狡黠的否定了古典理智时代的“完满” 为现代张目也是对未完成性与暧昧性的定义调子 显然理性所旨不能及 也不能弃（虽说否认了古典或许也没有溺于纯粹解构的失序？", "bc_sentiment": 0.9999999999966869}
{"bc_rating": "5", "bc_content": "真的非常值得入门的哲学书 "}
{"bc_rating": "5", "bc_content": "小書，卻異常厚重。而且翻譯流暢，沒有半點故意艱澀的痕跡。", "bc_sentiment": 0.9491281101197435}
{"bc_rating": "5", "bc_content": "读的最爽的一本书庞蒂的书，非常“通俗易懂”，然而并没有留下任何“思想”", "bc_sentiment": 0.02293203409172906}
{"bc_rating": "-1", "bc_content": "广播稿。没想到竟如此清晰好读。是质疑与发现罅隙而非推翻科学，身体与精神是avec而非et，笛卡尔un homme accompli .物的情感意谓 une signification affective. mettre en forme/mise en forme赋予形式。黑格尔所谓的外交处境？situation diplomatique。忽然觉得梅被讨论的少是因为大家已然接受了他", "bc_sentiment": 0.9994875622776883}
{"bc_rating": "5", "bc_content": "做高深文章容易，写清浅文字难。这本讲话集有声音的在场感，像本哲学诗选，钻石一样地总结了梅洛-庞蒂的拿手思想：知觉是什么", "bc_sentiment": 0.9999960812142118}
{"bc_rating": "5", "bc_content": "“人驻于物，物也驻于人。”“我们与物的关联并非一种遥远的关联。每一个物都向我们的身体和生活诉说着什么，每一个物都穿着人的品格（顺从、温柔、恶意、抗拒），并且，物反过来也活在我们之中，作为我们所爱或所恨的生活行为的标记。”阅读这本小书并重新像孩子一样去感知并不是一件容易的事情，需要耐心，更需要摒弃刻板偏见。正如开篇的【德译本导言】所说，相信这本书会有真心的读者，会有未被过度的刺激和感官的泛滥所销蚀的读者。", "bc_sentiment": 0.9990207010438695}
{"bc_rating": "5", "bc_content": "现代思想的双重特点是未完成性和暧昧性。", "bc_sentiment": 1.0}
{"bc_rating": "4", "bc_content": "最后一节很喜欢。 ", "bc_sentiment": 0.9952294243253457}
{"bc_rating": "5", "bc_content": "现代人的心是断断续续的，它甚至都做不到了解它自己。七章读下来非常爽！", "bc_sentiment": 0.8780250597347449}
{"bc_rating": "5", "bc_content": "全篇7部分，共102页，短小精悍。整体构架十分完整，论述深入浅出。可能也是由于是广播稿的缘故，要比胡塞尔和海德格尔好读得多。正本书除了具身性和肉身是梅洛庞蒂自身对现象学的发展以外，其绝大部分论述精髓可视为对胡塞尔对自然主义思维方式的扬弃以及海德格尔对此在的生存活动的揭示的脚注。", "bc_sentiment": 0.9994629788681161}
{"bc_rating": "5", "bc_content": "哦这优美的七重奏！知觉、哲学认识论、美学与艺术、诗、音乐、文学、政治学都可以在这本小黄书（指封面）中找到蛛丝马迹。阅读中映像最深刻的几点：对“命运的共同体”的想望、对普鲁斯特爱情的评论、以及对社会主义和自由主义的反思（甚至大放厥词社会主义要实现也只能在法国实现）。小册子的阅读体验比大部头好太多了，而且因为是电台讲话稿的原因语言运用十分朴素流畅！", "bc_sentiment": 0.9999999971031328}
{"bc_rating": "-1", "bc_content": "中间那个例子，保罗感觉就是萨特。后面对马拉美的纯诗理论做了现象学的描述，很喜欢。", "bc_sentiment": 0.9999999999985147}
{"bc_rating": "4", "bc_content": "短小精悍，可回味很久。", "bc_sentiment": 0.999978532291623}
{"bc_rating": "4", "bc_content": "顺畅到给人一种“我能读懂梅洛-庞蒂”的错觉。", "bc_sentiment": 0.99462815875593}
{"bc_rating": "4", "bc_content": "很好读，用的词和行文方式都很适合中学生（怪不得这里面一篇曾经作为法国高考哲学题），如果早一些读到的话，会少走很多弯路", "bc_sentiment": 0.9696177911893004}
{"bc_rating": "4", "bc_content": "从“单一”经验回归无限接近理解“整体”", "bc_sentiment": 0.9999987826716075}
{"bc_rating": "5", "bc_content": "思想家愿意为大众写这样一本小书，对我这样的门外汉来说当然是好事。", "bc_sentiment": 0.9991519625723488}
{"bc_rating": "5", "bc_content": "现代西哲中有代表性的态度基本都呈现了~ 一旦再深一步，似乎就不可避免地借用宗教维度的词汇，甚至进入宗教之中。宗教又如何显示自身呢？身体首先是“我的身体”，岌岌可危的个人，不可否认通过其他人事、语言认识自己，但是我们还是只能在一个共情的世界当中。黑格尔的Geist的我是我们，我们是我如何摆放...", "bc_sentiment": 0.9688529786895769}
{"bc_rating": "5", "bc_content": "现象学入门", "bc_sentiment": 0.9999999997676194}
{"bc_rating": "4", "bc_content": "每当人们成为局外人,人们都能获得同样的关于梦的清楚意识,同样的令人惊愕的激动。这种可笑的聪明神态,这些荒谬的细微变化是吸引人的场面——但我们毕竟只知道我们一贯的态度:只想观看,不求理解。", "bc_sentiment": 0.6130820788447554}
